resi	x	y
Y26	1	2
G27	2	10
S28	3	13
S29	4	13
S30	5	13
N31	6	14
T32	7	12
R33	8	18
V34	9	7
L35	10	5
N36	11	14
E37	12	20
L38	13	5
N39	14	14
Y40	15	2
D41	16	19
N42	17	14
A43	18	8
G44	19	10
T45	20	12
N46	21	14
L47	22	5
Y48	23	2
N49	24	14
E50	25	20
L51	26	5
E52	27	20
M53	28	4
N54	29	14
Y55	30	2
Y56	31	2
G57	32	10
K58	33	17
Q59	34	15
E60	35	20
N61	36	14
W62	37	1
Y63	38	2
S64	39	13
L65	40	5
K66	41	17
K67	42	17
N68	43	14
S69	44	13
R70	45	18
S71	46	13
L72	47	5
G73	48	10
E74	49	20
N75	50	14
D76	51	19
D77	52	19
G78	53	10
N79	54	14
N80	55	14
E81	56	20
D82	57	19
N83	58	14
E84	59	20
K85	60	17
L86	61	5
R87	62	18
K88	63	17
P89	64	11
K90	65	17
H91	66	16
K92	67	17
K93	68	17
L94	69	5
K95	70	17
Q96	71	15
P97	72	11
